<?xml version="1.0" encoding="UTF-8"?>
<project-private xmlns="http://www.netbeans.org/ns/project-private/1">
    <editor-bookmarks xmlns="http://www.netbeans.org/ns/editor-bookmarks/2" lastBookmarkId="0"/>
    <open-files xmlns="http://www.netbeans.org/ns/projectui-open-files/2">
        <group>
            <file>file:/C:/Users/admin/Desktop/session6/MonEpicerie/web/index.html</file>
            <file>file:/C:/Users/admin/Desktop/session6/MonEpicerie/src/java/pc/Servelet.java</file>
            <file>file:/C:/Users/admin/Desktop/session6/MonEpicerie/src/java/pc/ClassCategorie.java</file>
            <file>file:/C:/Users/admin/Desktop/session6/MonEpicerie/web/Produit.jsp</file>
            <file>file:/C:/Users/admin/Desktop/session6/MonEpicerie/web/Categorie.jsp</file>
            <file>file:/C:/Users/admin/Desktop/session6/MonEpicerie/src/java/pc/TableDataGetWay.java</file>
            <file>file:/C:/Users/admin/Desktop/session6/MonEpicerie/src/java/pc/Produit.java</file>
        </group>
    </open-files>
</project-private>
